{"FS Accuracy": 0.5238095238095238, "_timestamp": 1687287603.9836102, "_runtime": 369.4083511829376, "_step": 15, "FS PositiveAccuracy": 0.78, "FS NegativeAccuracy": 0.14705882352941177, "train/train_runtime": 370.7165, "train/train_samples_per_second": 1.119, "train/train_steps_per_second": 0.135, "train/total_flos": 209033625600000.0, "train/train_loss": 2.9219351196289063, "train/epoch": 4.82, "train/global_step": 50, "_wandb": {"runtime": 370}}