{"FS Accuracy": 0.13095238095238096, "FS PositiveAccuracy": 0.08, "FS NegativeAccuracy": 0.7777777777777778, "Epoch": 0, "_timestamp": 1687293126.6915445, "_runtime": 72.5570924282074, "_step": 0, "_wandb": {"runtime": 117}}