{"train/train_runtime": 27.8838, "train/train_samples_per_second": 14.883, "train/train_steps_per_second": 1.793, "train/total_flos": 43374477312000.0, "train/train_loss": 4.788532638549805, "train/epoch": 0.96, "train/global_step": 10, "_timestamp": 1687286056.8494585, "_runtime": 26.572930574417114, "_step": 0, "_wandb": {"runtime": 27}}