{"train/train_runtime": 26.1991, "train/train_samples_per_second": 15.84, "train/train_steps_per_second": 1.908, "train/total_flos": 43374477312000.0, "train/train_loss": 1.8364130020141602, "train/epoch": 0.96, "train/global_step": 10, "_timestamp": 1687286631.6181698, "_runtime": 386.7848536968231, "_step": 19, "Epoch: 1 FS Accuracy": 0.5714285714285714, "Epoch: 1 PositiveAccuracy": 0.8, "Epoch: 1 NegativeAccuracy": 0.23529411764705882, "Epoch: 2 FS Accuracy": 0.3333333333333333, "Epoch: 2 PositiveAccuracy": 0.28, "Epoch: 2 NegativeAccuracy": 0.4117647058823529, "Epoch: 3 FS Accuracy": 0.40476190476190477, "Epoch: 3 PositiveAccuracy": 0.4, "Epoch: 3 NegativeAccuracy": 0.4117647058823529, "Epoch: 4 FS Accuracy": 0.5, "Epoch: 4 PositiveAccuracy": 0.64, "Epoch: 4 NegativeAccuracy": 0.29411764705882354, "Epoch: 5 FS Accuracy": 0.5357142857142857, "Epoch: 5 PositiveAccuracy": 0.8, "Epoch: 5 NegativeAccuracy": 0.14705882352941177, "_wandb": {"runtime": 388}}