{"train/loss": 3.4121, "train/learning_rate": 0.00025, "train/epoch": 1.0, "train/global_step": 614, "_timestamp": 1687284606.7027466, "_runtime": 162.68572068214417, "_step": 1, "train/train_runtime": 164.0327, "train/train_samples_per_second": 29.951, "train/train_steps_per_second": 3.743, "train/total_flos": 40892713344000.0, "train/train_loss": 3.440361147206459, "_wandb": {"runtime": 164}}