{"train/train_runtime": 455.6789, "train/train_samples_per_second": 2.732, "train/train_steps_per_second": 0.329, "train/total_flos": 627100876800000.0, "train/train_loss": 3.4464607747395832, "train/epoch": 14.46, "train/global_step": 150, "_timestamp": 1687120762.1214783, "_runtime": 602.1928203105927, "_step": 2, "Pre-tuning Accuracy": 0.36904761904761907, "After tuning Accuracy": 0.5119047619047619, "_wandb": {"runtime": 601}}