{"FS Accuracy": 0.5238095238095238, "FS PositiveAccuracy": 0.78, "FS NegativeAccuracy": 0.14705882352941177, "Epoch": 4.8192771084337345, "_timestamp": 1687288103.0039537, "_runtime": 370.14568972587585, "_step": 5, "train/train_runtime": 368.1169, "train/train_samples_per_second": 1.127, "train/train_steps_per_second": 0.136, "train/total_flos": 209033625600000.0, "train/train_loss": 2.9219351196289063, "train/epoch": 4.82, "train/global_step": 50, "_wandb": {"runtime": 371}}