{"train/loss": 3.4121, "train/learning_rate": 0.00025, "train/epoch": 0.81, "train/global_step": 500, "_timestamp": 1687285321.0862036, "_runtime": 131.40482354164124, "_step": 0, "_wandb": {"runtime": 164}}