{"train/train_runtime": 666.918, "train/train_samples_per_second": 3.111, "train/train_steps_per_second": 0.375, "train/total_flos": 1045168128000000.0, "train/train_loss": 4.53760107421875, "train/epoch": 24.1, "train/global_step": 250, "_timestamp": 1687111034.618769, "_runtime": 775.4359979629517, "_step": 2, "Pre-tuning Accuracy": 0.2857142857142857, "After tuning Accuracy": 0.25, "_wandb": {"runtime": 774}}