{"train/train_runtime": 29.6616, "train/train_samples_per_second": 2.697, "train/train_steps_per_second": 2.697, "train/total_flos": 41806725120000.0, "train/train_loss": 3.55533447265625, "train/epoch": 5.0, "train/global_step": 80, "_timestamp": 1687105127.4301486, "_runtime": 28.372771501541138, "_step": 0, "_wandb": {"runtime": 83}}