{"FS-5-Samples-5-PermsMV Accuracy": 0.5238095238095238, "FS-5-Samples-5-PermsMV PositiveAccuracy": 0.4, "FS-5-Samples-5-PermsMV NegativeAccuracy": 0.7058823529411765, "Epoch": 24.096385542168676, "_timestamp": 1687310501.2764683, "_runtime": 14695.665646314621, "_step": 78, "FS Accuracy": 0.5357142857142857, "FS PositiveAccuracy": 0.44, "FS NegativeAccuracy": 0.6764705882352942, "FS-5-SamplesMV Accuracy": 0.47619047619047616, "FS-5-SamplesMV PositiveAccuracy": 0.38, "FS-5-SamplesMV NegativeAccuracy": 0.6176470588235294, "train/train_runtime": 14194.9173, "train/train_samples_per_second": 0.146, "train/train_steps_per_second": 0.018, "train/total_flos": 1045168128000000.0, "train/train_loss": 1.122306640625, "train/epoch": 24.1, "train/global_step": 250, "_wandb": {"runtime": 14696}}