{"train/loss": 0.578, "train/learning_rate": 0.0, "train/epoch": 48.19, "train/global_step": 500, "_timestamp": 1687115537.1137865, "_runtime": 1392.322208404541, "_step": 3, "train/train_runtime": 1312.5272, "train/train_samples_per_second": 3.162, "train/train_steps_per_second": 0.381, "train/total_flos": 2090336256000000.0, "train/train_loss": 0.5779940795898437, "Pre-tuning Accuracy": 0.36904761904761907, "After tuning Accuracy": 0.5, "_wandb": {"runtime": 1391}}