{"FS-5-Samples-5-PermsMV Accuracy": 0.5238095238095238, "FS-5-Samples-5-PermsMV PositiveAccuracy": 0.56, "FS-5-Samples-5-PermsMV NegativeAccuracy": 0.47058823529411764, "Epoch": 9.638554216867469, "_timestamp": 1687332016.0834787, "_runtime": 5793.102394580841, "_step": 33, "FS Accuracy": 0.5238095238095238, "FS PositiveAccuracy": 0.58, "FS NegativeAccuracy": 0.45454545454545453, "FS-5-SamplesMV Accuracy": 0.5238095238095238, "FS-5-SamplesMV PositiveAccuracy": 0.56, "FS-5-SamplesMV NegativeAccuracy": 0.47058823529411764, "train/train_runtime": 5283.9808, "train/train_samples_per_second": 0.157, "train/train_steps_per_second": 0.019, "train/total_flos": 418067251200000.0, "train/train_loss": 2.5835452270507813, "train/epoch": 9.64, "train/global_step": 100, "_wandb": {"runtime": 5793}}