{"train/train_runtime": 640.5171, "train/train_samples_per_second": 3.24, "train/train_steps_per_second": 0.39, "train/total_flos": 1045168128000000.0, "train/train_loss": 0.8711636962890625, "train/epoch": 24.1, "train/global_step": 250, "_timestamp": 1687113605.4703941, "_runtime": 720.7387192249298, "_step": 2, "Pre-tuning Accuracy": 0.36904761904761907, "After tuning Accuracy": 0.011904761904761904, "_wandb": {"runtime": 720}}