{"FS Accuracy": 0.13095238095238096, "FS PositiveAccuracy": 0.08, "FS NegativeAccuracy": 0.7777777777777778, "Epoch": 0, "_timestamp": 1687293381.0905395, "_runtime": 42.95338249206543, "_step": 0, "_wandb": {"runtime": 44}}