{"FS Accuracy": 0.5238095238095238, "FS PositiveAccuracy": 0.78, "FS NegativeAccuracy": 0.14705882352941177, "Epoch": 4.8192771084337345, "_timestamp": 1687288835.0797448, "_runtime": 396.83186984062195, "_step": 6, "train/train_runtime": 352.132, "train/train_samples_per_second": 1.179, "train/train_steps_per_second": 0.142, "train/total_flos": 209033625600000.0, "train/train_loss": 2.9219351196289063, "train/epoch": 4.82, "train/global_step": 50, "_wandb": {"runtime": 397}}