{"train/train_runtime": 29.0302, "train/train_samples_per_second": 2.756, "train/train_steps_per_second": 2.756, "train/total_flos": 41806725120000.0, "train/train_loss": 3.55533447265625, "train/epoch": 5.0, "train/global_step": 80, "_timestamp": 1687107604.8004236, "_runtime": 116.25898957252502, "_step": 2, "Pre-tuning Accuracy": 0.36904761904761907, "After tuning Accuracy": 0.5357142857142857, "_wandb": {"runtime": 115}}