{"FS Accuracy": 0.13095238095238096, "FS PositiveAccuracy": 0.08, "FS NegativeAccuracy": 0.7777777777777778, "Epoch": 0, "_timestamp": 1687293307.8052826, "_runtime": 40.71568250656128, "_step": 0, "_wandb": {"runtime": 42}}