{"train/train_runtime": 708.7208, "train/train_samples_per_second": 2.928, "train/train_steps_per_second": 0.353, "train/total_flos": 1045168128000000.0, "train/train_loss": 4.53760107421875, "train/epoch": 24.1, "train/global_step": 250, "_timestamp": 1687116616.0710218, "_runtime": 820.0812957286835, "_step": 2, "Pre-tuning Accuracy": 0.2857142857142857, "After tuning Accuracy": 0.25, "_wandb": {"runtime": 819}}