{"FS Accuracy": 0.5595238095238095, "FS PositiveAccuracy": 0.88, "FS NegativeAccuracy": 0.08823529411764706, "Epoch": 16.0, "_timestamp": 1687291642.360064, "_runtime": 1402.9686529636383, "_step": 16, "_wandb": {"runtime": 1463}}