{"train/train_runtime": 700.0446, "train/train_samples_per_second": 2.964, "train/train_steps_per_second": 0.357, "train/total_flos": 1045168128000000.0, "train/train_loss": 2.56848583984375, "train/epoch": 24.1, "train/global_step": 250, "_timestamp": 1687109626.6969323, "_runtime": 809.626222372055, "_step": 2, "Pre-tuning Accuracy": 0.36904761904761907, "After tuning Accuracy": 0.5595238095238095, "_wandb": {"runtime": 808}}